variant,design_variant,did_coef,did_stderr,did_t_value,did_p_value,preferred_estimator,preferred_effect,preferred_p_value,identification_strength,robust_checks_available,robust_checks_passed,robust_pass_rate,effect_sign_consistent_with_main,evidence_grade
main_design,direct_core,0.0601792837863874,0.0404335320265322,1.4883509001117703,0.1398692798957151,dr_did,0.0143425019261399,0.3015065537742186,39.9451432367657,6,2,0.3333333333333333,1,D
direct_event_design,direct_core,-0.0178537394618353,0.0406461664811706,-0.4392478063117233,0.6611842553887415,did_dose_response,-0.010332809529667,0.2986702063495785,24.89142094323845,6,1,0.1666666666666666,0,D
evidence_evidence_ab,evidence_ab,-0.0178537394618353,0.0406461664811706,-0.4392478063117233,0.6611842553887415,did_dose_response,-0.0094419878236295,0.3368699621926243,24.89142094323845,6,1,0.1666666666666666,0,D
source_external_direct,source_external_direct_common_shock,-0.0178537394618353,0.0406461664811706,-0.4392478063117233,0.6611842553887415,did_dose_response,-0.010332809529667,0.2986702063495785,24.89142094323845,6,1,0.1666666666666666,0,D
source_ai_inferred,source_ai_inferred_common_shock,-0.0178537394618353,0.0406461664811706,-0.4392478063117233,0.6611842553887415,did_intense_contrast,0.002939834371827,0.924271068156284,24.79239777033293,6,1,0.1666666666666666,0,D
source_objective_indicator,source_objective_indicator_common_shock,-0.0178537394618353,0.0406461664811706,-0.4392478063117233,0.6611842553887415,did_intense_contrast,0.002939834371827,0.924271068156284,24.79239777033293,6,1,0.1666666666666666,0,D
source_objective_macro,source_objective_macro_common_shock,-0.0178537394618353,0.0406461664811706,-0.4392478063117233,0.6611842553887415,did_intense_contrast,0.002939834371827,0.924271068156284,24.79239777033293,6,1,0.1666666666666666,0,D
evidence_evidence_a,evidence_a,-0.0178537394618353,0.0406461664811706,-0.4392478063117233,0.6611842553887415,did_dose_response,-0.0103415820059525,0.2985216250437321,10.891420943238456,6,0,0.0,0,D
