variant,variant_label,treated_share,did_coef,did_stderr,did_p_value,identification_strength,preferred_estimator,preferred_effect,preferred_credibility_score,effect_sign_consistent_with_main
main_design,Main Design,0.6617647058823529,0.0601792837863874,0.0404335320265322,0.1398692798957151,39.9451432367657,dr_did,0.0143425019261399,48.517228878810606,1
direct_event_design,Direct Event,0.6617647058823529,-0.0178537394618353,0.0406461664811706,0.6611842553887415,24.891420943238455,did_dose_response,-0.010332809529667,46.17780473269771,0
evidence_evidence_ab,Evidence A/B,0.8529411764705882,-0.0178537394618353,0.0406461664811706,0.6611842553887415,24.891420943238455,did_dose_response,-0.0094419878236295,46.17780473269771,0
source_external_direct,External Direct,0.6617647058823529,-0.0178537394618353,0.0406461664811706,0.6611842553887415,24.891420943238455,did_dose_response,-0.010332809529667,46.17780473269771,0
source_ai_inferred,AI Inferred,0.6617647058823529,-0.0178537394618353,0.0406461664811706,0.6611842553887415,24.79239777033293,did_intense_contrast,0.002939834371827,45.47049635480109,0
source_objective_indicator,Objective Indicator,0.6617647058823529,-0.0178537394618353,0.0406461664811706,0.6611842553887415,24.79239777033293,did_intense_contrast,0.002939834371827,45.47049635480109,0
source_objective_macro,Objective Macro,0.6617647058823529,-0.0178537394618353,0.0406461664811706,0.6611842553887415,24.79239777033293,did_intense_contrast,0.002939834371827,45.47049635480109,0
evidence_evidence_a,Evidence A,0.6985294117647058,-0.0178537394618353,0.0406461664811706,0.6611842553887415,10.891420943238456,did_dose_response,-0.0103415820059525,46.17780473269771,0
